{"cameraMode":{"drawMode":0,"name":"Shaded","section":"Shading Mode"},"sceneLighting":true,"audioPlay":false,"sceneViewState":{"m_AlwaysRefresh":false,"showFog":true,"showSkybox":true,"showFlares":true,"showImageEffects":true,"showParticleSystems":true,"showVisualEffectGraphs":true,"m_FxEnabled":true},"in2DMode":false,"pivot":{"x":0.35967302322387698,"y":0.7974202632904053,"z":0.20543432235717774},"rotation":{"x":0.012088136747479439,"y":0.9796043038368225,"z":-0.19074514508247376,"w":0.062093883752822879},"size":2.2808098793029787,"orthographic":false}