{"cameraMode":{"drawMode":0,"name":"Shaded","section":"Shading Mode"},"sceneLighting":false,"audioPlay":false,"sceneViewState":{"m_AlwaysRefresh":false,"showFog":true,"showSkybox":false,"showFlares":true,"showImageEffects":true,"showParticleSystems":true,"showVisualEffectGraphs":true,"m_FxEnabled":true},"in2DMode":false,"pivot":{"x":8.940696716308594e-8,"y":0.6531355381011963,"z":0.21148085594177247},"rotation":{"x":-0.00592083903029561,"y":-0.9940592050552368,"z":0.07350514829158783,"w":-0.08009015768766403},"size":0.7765000462532044,"orthographic":false}