{"cameraMode":{"drawMode":0,"name":"Shaded","section":"Shading Mode"},"sceneLighting":true,"audioPlay":false,"sceneViewState":{"m_AlwaysRefresh":false,"showFog":true,"showSkybox":false,"showFlares":true,"showImageEffects":true,"showParticleSystems":true,"showVisualEffectGraphs":true,"m_FxEnabled":true},"in2DMode":false,"pivot":{"x":-3.5750865936279299,"y":8.256980895996094,"z":3.9355926513671877},"rotation":{"x":-0.008632589131593705,"y":0.9652869701385498,"z":-0.0321652889251709,"w":-0.25906139612197878},"size":12.12435531616211,"orthographic":false}