{"count":1,"self":47.1771008,"total":48.8093642,"children":{"InitializeActuators":{"count":167,"self":0.0069759999999999996,"total":0.0069759999999999996,"children":null},"InitializeSensors":{"count":167,"self":0.0169545,"total":0.0169545,"children":null},"AgentSendState":{"count":2198,"self":0.61237809999999993,"total":0.72307899999999992,"children":{"UpdateModelSpacePoses":{"count":13200,"self":0.0438861,"total":0.0438861,"children":null},"UpdateLocalSpacePoses":{"count":13200,"self":0.022948899999999998,"total":0.022948899999999998,"children":null},"CollectObservations":{"count":13200,"self":0.0019936999999999997,"total":0.0019936999999999997,"children":null},"WriteActionMask":{"count":13200,"self":0.0059976,"total":0.0059976,"children":null},"RequestDecision":{"count":13200,"self":0.0358746,"total":0.0358746,"children":null}}},"DecideAction":{"count":2198,"self":0.6488471,"total":0.69870369999999993,"children":{"RayPerceptionSensor.Perceive":{"count":13200,"self":0.0498566,"total":0.0498566,"children":null}}},"AgentAct":{"count":2198,"self":0.18555239999999998,"total":0.18555239999999998,"children":null},"UpdateModelSpacePoses":{"count":143,"self":0.00099819999999999987,"total":0.00099819999999999987,"children":null},"UpdateLocalSpacePoses":{"count":143,"self":0,"total":0,"children":null}},"gauges":{"DungeonEscape.CumulativeReward":{"count":6,"max":0,"min":0,"runningAverage":0,"value":0,"weightedAverage":0}},"metadata":{"timer_format_version":"0.1.0","start_time_seconds":"1674293393","unity_version":"2021.3.11f1","command_line_arguments":"D:\\Unity\\2021.3.11f1\\Editor\\Unity.exe -projectpath C:\\Users\\User\\ml-agents\\Project -useHub -hubIPC -cloudEnvironment production -licensingIpc LicenseClient-ZoG35ymWLA4YhRolr__Rc -hubSessionId a58b17a0-996b-11ed-9705-f7017b7d68be","communication_protocol_version":"1.5.0","com.unity.ml-agents_version":"2.2.1-exp.1","scene_name":"DungeonEscape","end_time_seconds":"1674293441"}}